InnateDB ID	UNIPROT	ENSEMBL	Entrez ID	RefSeq
108133	P03886	ENSG00000198888	4535	YP_003024026
108148	P03891	ENSG00000198763	4536	YP_003024027
108118	P00395	ENSG00000198804	4512	YP_003024028
108139	P00403	ENSG00000198712	4513	YP_003024029
311432	P03928	ENSG00000228253	4509	YP_003024030
108130	P00846	ENSG00000198899	4508	YP_003024031
108136	P00414	ENSG00000198938	4514	YP_003024032
108124	P03897	ENSG00000198840	4537	YP_003024033
247521	P03901	ENSG00000212907	4539	YP_003024034
108121	P03905	ENSG00000198886	4538	YP_003024035
108127	P03915	ENSG00000198786	4540	YP_003024036
108142	P03923	ENSG00000198695	4541	YP_003024037
108145	P00156	ENSG00000198727	4519	YP_003024038
24989	Q1W6H9	ENSG00000184731	642273	NP_001071178
6797	Q9Y2Y1	ENSG00000161980	51728	NP_057394
777287	Q3ZCM7	ENSG00000261456	347688	NP_817124
6822	Q9BV90	ENSG00000161981	79622	NP_078847
6861	Q96CC6	ENSG00000007384	64285	NP_071895
32869	Q8NH21	ENSG00000186092	79501	NP_001005484
36533	Q8N687	ENSG00000178591	245938	NP_697020
11966	Q8NGA8	ENSG00000176695	81099	NP_001005240
67168	Q12950	ENSG00000170122	2298	NP_997188
9991	Q96PX9	ENSG00000153404	153478	NP_443141
36613	Q9BYW3	ENSG00000125788	81623	NP_112193
6987	P02008	ENSG00000130656	3050	NP_005323
7014	Q6B0K9	ENSG00000206177	3042	NP_001003938
36658	Q9H1M4	ENSG00000088782	140850	NP_620713
5169	O95013	ENSG00000176269	441308	NP_001005504
7166	P09105	ENSG00000086506	3049	NP_005322
36697	Q7Z7B8	ENSG00000185982	245939	NP_001032821
10032	A6NHZ5	ENSG00000185028	389257	NP_001073947
6057	Q8IXL6	ENSG00000177706	56975	NP_064608
15330	Q8TD33	ENSG00000188076	147199	NP_663626
10056	Q96BQ5	ENSG00000164366	133957	NP_660308
43403	Q5T8R8	ENSG00000183784	157983	NP_689782
282	Q96FV9	ENSG00000079134	9984	NP_005122
36708	Q9H1M3	ENSG00000125903	140881	NP_543021
36736	Q7Z7B7	ENSG00000186458	400830	NP_997352
402162	Q99819	ENSG00000242173	398	NP_001167
5840	B4DXR9	ENSG00000186777	654254	NP_001131080
44134	Q9Y2E4	ENSG00000151240	22982	NP_055789
38844	Q9NUJ7	ENSG00000182378	55344	NP_060860
25356	Q6UX46	ENSG00000189292	285016	NP_001002919
11318	P29375	ENSG00000073614	5927	NP_001036068
7384	Q13087	ENSG00000185615	64714	NP_006840
16111	Q32M88	ENSG00000142102	80162	NP_079368
403463	Q9NUD5	ENSG00000247315	85364	NP_149080
16179	A6NNB3	ENSG00000206013	387733	NP_001020466
38959	O43824	ENSG00000178605	8225	NP_036359
12100	Q8N344	ENSG00000105556	54531	NP_060020
16199	Q01629	ENSG00000185201	10581	NP_006426
16232	P13164	ENSG00000185885	8519	NP_003632
285	Q5KU26	ENSG00000158270	81035	NP_569057
16268	Q01628	ENSG00000142089	10410	NP_066362
36919	O15370	ENSG00000177732	6666	NP_008874
39003	Q9Y5P8	ENSG00000167393	28227	NP_037371
5861	Q15928	ENSG00000131127	7700	NP_003432
37010	Q9GZP1	ENSG00000125841	80023	NP_079234
7468	Q13084	ENSG00000086504	10573	NP_006419
16271	Q76KP1	ENSG00000182272	338707	NP_848632
7505	Q9HCN3	ENSG00000129925	58986	NP_067082
16380	Q9Y446	ENSG00000184363	11187	NP_009114
402194	Q9NUI1	ENSG00000242612	26063	NP_065715
12152	Q8TF44	ENSG00000183186	126567	NP_001129735
13947	Q6ZQX7	ENSG00000187624	400566	NP_001013694
12158	P98077	ENSG00000129946	25759	NP_036567
16606	A1A5B4	ENSG00000185101	338440	NP_001012302
5882	Q8TF20	ENSG00000182903	170960	NP_597731
37622	Q96BZ9	ENSG00000125875	128637	NP_653229
13967	Q8N5W9	ENSG00000183688	359845	NP_874364
281487	Q8N2X6	ENSG00000221990	116349	NP_612473
10290	O60645	ENSG00000180104	11336	NP_009208
16643	Q9BVG9	ENSG00000174915	81490	NP_110410
11416	Q6L9W6	ENSG00000139044	283358	NP_775864
12186	Q3SX64	ENSG00000181781	284451	NP_872383
55886	Q96KP1	ENSG00000112685	55770	NP_060773
12316	Q6ZTW0	ENSG00000141933	91978	NP_277048
7698	O75808	ENSG00000103326	6650	NP_005623
12464	P49427	ENSG00000099804	997	NP_004350
17050	Q8IYG6	ENSG00000161328	115399	NP_932341
17076	Q8IXW0	ENSG00000185522	256329	NP_775844
7721	P0CG20	ENSG00000161992	146325	NP_660313
291	Q12798	ENSG00000177143	1068	NP_004057
12524	Q9UL51	ENSG00000099822	610	NP_001185
38257	Q12870	ENSG00000125878	6939	NP_004600
10419	Q9P209	ENSG00000112877	55722	NP_060610
5382	Q86X53	ENSG00000104714	157697	NP_997215
12581	O00411	ENSG00000099821	5442	NP_005026
17495	P09683	ENSG00000070031	6343	NP_068739
7799	Q96NZ8	ENSG00000127578	117166	NP_444514
17519	P21917	ENSG00000069696	1815	NP_000788
17595	O75398	ENSG00000177030	10522	NP_066288
12656	Q9BV68	ENSG00000070423	55658	NP_919442
7904	Q96KV7	ENSG00000161996	197335	NP_660337
55943	Q8NHY5	ENSG00000188996	135458	NP_683762
319	P04818	ENSG00000176890	7298	NP_001062
10439	O94811	ENSG00000171368	11076	NP_008961
228808	Q9NQ03	ENSG00000215397	85508	NP_149120
25383	Q96B42	ENSG00000151353	129787	NP_690047
7970	Q8IXI1	ENSG00000140983	89941	NP_620124
5992	P56385	ENSG00000169020	521	NP_009031
228913	Q02045	ENSG00000215375	4636	NP_002468
12738	O95633	ENSG00000070404	10272	NP_005851
8066	Q96S16	ENSG00000161999	339123	NP_001005920
8075	Q96S15	ENSG00000127580	84219	NP_115635
12762	Q6UWY2	ENSG00000185198	400668	NP_999875
8109	Q8N461	ENSG00000127585	146330	NP_699181
17790	Q9H6S3	ENSG00000177106	64787	NP_073609
6093	Q3KNV8	ENSG00000185619	10336	NP_006306
8135	Q9UJH8	ENSG00000103260	79006	NP_076947
363	P07947	ENSG00000176105	7525	NP_005424
8165	A2IDD5	ENSG00000162004	124093	NP_001026907
6173	Q86Y56	ENSG00000164818	54919	NP_060272
8238	Q9H6Q4	ENSG00000103245	64428	NP_071938
14120	Q8TBR7	ENSG00000167695	79850	NP_079068
14171	P57678	ENSG00000179409	50628	NP_056536
17874	P37837	ENSG00000177156	6888	NP_006746
12829	Q8IVT2	ENSG00000099812	126353	NP_775752
14212	Q9HC38	ENSG00000167699	51031	NP_057164
38373	Q9NQ40	ENSG00000101276	113278	NP_212134
17957	Q8NB37	ENSG00000177225	347862	NP_872418
14273	Q9HC36	ENSG00000171861	55178	NP_060616
6120	O14810	ENSG00000168993	10815	NP_006642
8340	Q9UJJ7	ENSG00000007376	113000	NP_478072
18022	Q8N111	ENSG00000184524	51286	NP_057648
8353	Q8WVB6	ENSG00000127586	63922	NP_071375
10483	Q9H8X9	ENSG00000188818	79844	NP_079062
8382	Q9P2W3	ENSG00000127588	51764	NP_057625
8406	Q96S07	ENSG00000167945	388199	NP_001013660
44458	Q92615	ENSG00000107929	23185	NP_055970
18288	Q96AD5	ENSG00000177666	57104	NP_065109
13012	P20160	ENSG00000172232	566	NP_001691
18475	P62875	ENSG00000177700	5441	NP_066951
13084	P24158	ENSG00000196415	5657	NP_002768
43947	Q9Y5R6	ENSG00000137090	1761	NP_068770
13111	P08246	ENSG00000197561	1991	NP_001963
8415	Q96S06	ENSG00000103227	64788	NP_073610
13129	P00746	ENSG00000197766	1675	NP_001919
13168	Q9Y2X0	ENSG00000175221	10025	NP_005472
38723	Q9Y264	ENSG00000101280	51378	NP_057069
406617	Q7L5D6	ENSG00000239857	51608	NP_057033
13297	Q96D70	ENSG00000198858	91300	NP_620129
406946	Q49B96	ENSG00000240230	90639	NP_001026788
13327	Q969F8	ENSG00000116014	84634	NP_115940
84149	Q96NU1	ENSG00000187634	148398	NP_689699
13387	Q99856	ENSG00000116017	1820	NP_005215
84176	Q9Y3T9	ENSG00000188976	26155	NP_056473
25486	Q9NY99	ENSG00000172554	54221	NP_061841
6228	P52824	ENSG00000145214	1609	NP_001338
84242	Q6TDP4	ENSG00000187961	339451	NP_938073
44008	Q9NQL9	ENSG00000064218	58524	NP_067063
8450	P57073	ENSG00000005513	30812	NP_055402
6346	Q8TAV3	ENSG00000073067	54905	NP_060251
13449	Q9BV38	ENSG00000065268	57418	NP_077005
6326	P35475	ENSG00000127415	3425	NP_000194
44603	Q9BZE4	ENSG00000107937	23560	NP_036473
14412	Q9Y584	ENSG00000177370	29928	NP_037469
13514	O60391	ENSG00000116032	116444	NP_619635
84312	P05161	ENSG00000187608	9636	NP_005092
18722	Q6W4X9	ENSG00000184956	4588	NP_005952
44970	Q9BXS1	ENSG00000148377	91734	NP_150286
84350	O00468	ENSG00000188157	375790	NP_940978
45034	Q13907	ENSG00000067064	3422	NP_004499
13665	Q8IZY2	ENSG00000064687	10347	NP_061985
6370	Q96CH1	ENSG00000164849	115330	NP_612454
45206	Q9Y2I8	ENSG00000047056	22884	NP_054742
10791	Q9Y666	ENSG00000113504	10723	NP_006589
296886	E7ERA6	ENSG00000237330	401934	NP_001192181
84425	Q96HA4	ENSG00000131591	54991	NP_060361
13793	P19388	ENSG00000099817	5434	NP_002686
8529	P60827	ENSG00000184471	390664	NP_997302
6429	Q8N6M9	ENSG00000178381	90637	NP_872297
45374	Q9NS39	ENSG00000185736	105	NP_061172
13950	Q15831	ENSG00000118046	6794	NP_000446
39038	Q9NUR3	ENSG00000125895	55321	NP_060824
10885	Q695T7	ENSG00000174358	340024	NP_001003841
227760	A1L168	ENSG00000215595	400831	NP_001009612
84605	P43489	ENSG00000186827	7293	NP_003318
8597	Q9NRR2	ENSG00000116176	25823	NP_036599
18918	Q9HC84	ENSG00000117983	727897	NP_002449
10911	Q96N87	ENSG00000164363	348932	NP_872438
401959	Q9H4I0	ENSG00000244588	642636	NP_001130038
13999	Q8N350	ENSG00000099625	255057	NP_689982
84714	Q96L58	ENSG00000176022	126792	NP_542172
6453	A6NJT0	ENSG00000164853	340260	NP_001073930
8673	P20231	ENSG00000172236	7177	NP_003285
84746	Q5T7M4	ENSG00000184163	388581	NP_001014980
14078	Q504T8	ENSG00000167470	90007	NP_796375
8737	Q9BZJ3	ENSG00000095917	23430	NP_036349
39088	O15079	ENSG00000101298	9751	NP_055538
14607	Q7RTU4	ENSG00000205899	727857	NP_001157877
19140	Q9H0E2	ENSG00000078902	54472	NP_061882
297596	Q9BVV8	ENSG00000228300	55009	NP_060384
14618	Q8IXB3	ENSG00000184811	286753	NP_758955
84804	P51172	ENSG00000162572	6339	NP_001123885
14206	O43921	ENSG00000099617	1943	NP_001396
84901	Q96P50	ENSG00000131584	116983	NP_085152
84995	Q8N0Z8	ENSG00000169972	126789	NP_699170
55979	Q9C009	ENSG00000164379	94234	NP_150285
11103	Q96KA5	ENSG00000049656	81037	NP_110409
297148	Q5TA50	ENSG00000224051	80772	NP_001025056
85093	Q7RTX0	ENSG00000169962	83756	NP_689414
85121	O14640	ENSG00000107404	1855	NP_004412
14629	P62258	ENSG00000108953	7531	NP_006752
6670	Q2YD98	ENSG00000163945	57654	NP_065945
8854	Q9UJK0	ENSG00000007520	115939	NP_001001410
8860	Q9UJJ9	ENSG00000090581	84572	NP_115909
14217	Q2TAK8	ENSG00000160953	84939	NP_116242
14301	O75251	ENSG00000115286	374291	NP_077718
39774	P12236	ENSG00000169100	293	NP_001627
56008	Q12947	ENSG00000137273	2295	NP_001443
6714	Q8N1N5	ENSG00000179979	285464	NP_787114
11161	Q01959	ENSG00000142319	6531	NP_001035
408861	Q9BYC9	ENSG00000242485	55052	NP_060441
296656	Q15270	ENSG00000235608	54729	NP_001277008
8934	Q4G0I0	ENSG00000174109	283951	NP_001258980
85373	A6NKF7	ENSG00000205116	643965	NP_001140157
6474	Q8IY33	ENSG00000164877	79778	NP_891554
8946	A6NI56	ENSG00000197599	645811	NP_001137452
14549	O95996	ENSG00000115266	10297	NP_005874
226618	Q5T2N8	ENSG00000215915	219293	NP_001034300
11200	Q8NF37	ENSG00000153395	79888	NP_079106
14632	Q9UFG5	ENSG00000119559	148223	NP_689695
40192	Q86VZ1	ENSG00000182162	286530	NP_835230
6535	Q8N201	ENSG00000164880	26173	NP_001073922
85469	Q5T9A4	ENSG00000160072	83858	NP_114127
14644	Q6UW60	ENSG00000115257	54760	NP_060043
402293	Q96A99	ENSG00000251692	390667	NP_001013680
14693	Q96HR9	ENSG00000115255	92840	NP_612402
9035	Q9Y4R8	ENSG00000100726	9894	NP_057195
14705	Q6ZMM2	ENSG00000185761	339366	NP_998769
9054	Q96RY7	ENSG00000187535	9742	NP_055529
14960	Q00169	ENSG00000174238	5306	NP_006215
14733	Q496M5	ENSG00000185988	126520	NP_001230008
6584	O60675	ENSG00000198517	7975	NP_002351
40266	Q9H106	ENSG00000125900	128646	NP_848555
85493	Q5SV17	ENSG00000205090	339453	NP_001108220
85496	Q9NP77	ENSG00000160075	29101	NP_054907
6635	Q6ZMB5	ENSG00000164855	202915	NP_001091089
11857	Q8N1E6	ENSG00000171823	144699	NP_689654
19447	Q6L8H4	ENSG00000205869	387264	NP_001005922
40259	Q02040	ENSG00000197976	8227	NP_005079
14843	O14957	ENSG00000127540	10975	NP_006821
19467	Q701N4	ENSG00000205867	440021	NP_001004325
297459	F2Z333	ENSG00000228594	643988	NP_001229588
19515	Q6L8H2	ENSG00000196224	387266	NP_001012726
56045	Q12948	ENSG00000054598	2296	NP_001444
9090	Q96RY5	ENSG00000007545	57585	NP_065876
19485	Q701N2	ENSG00000185940	439915	NP_001001480
25971	Q92626	ENSG00000130508	7837	NP_036425
85653	O75900	ENSG00000189409	8510	NP_008914
15202	Q96NA2	ENSG00000167705	83547	NP_113618
9132	Q9H910	ENSG00000206053	90861	NP_653171
297120	P0C7U0	ENSG00000225968	392617	NP_001122108
11908	Q86V24	ENSG00000006831	79602	NP_078827
6789	Q14493	ENSG00000163950	7884	NP_006518
19555	Q6L8G9	ENSG00000205864	440023	NP_001012416
15457	A6NGC4	ENSG00000185561	727910	NP_001157879
6877	Q9Y6A5	ENSG00000013810	10460	NP_006333
408667	A6NMD0	ENSG00000244242	402778	NP_001164291
14986	O60422	ENSG00000205922	390874	NP_001073957
19613	P07339	ENSG00000117984	1509	NP_001900
5421	Q9UBY8	ENSG00000182372	2055	NP_061764
9255	Q13232	ENSG00000103024	4832	NP_002504
9284	A4GXA9	ENSG00000197774	197342	NP_001244299
9290	Q6PJ21	ENSG00000162032	90864	NP_543137
15722	Q8IYR2	ENSG00000186532	114826	NP_443160
11938	Q7Z3S7	ENSG00000151062	93589	NP_758952
11265	Q9P0J6	ENSG00000171421	64979	NP_115868
11303	O75380	ENSG00000145494	4726	NP_004544
7037	O95202	ENSG00000168924	3954	NP_036450
5477	O15013	ENSG00000104728	9639	NP_055444
15783	P27694	ENSG00000132383	6117	NP_002936
15099	Q9BXK1	ENSG00000129911	83855	NP_114124
298147	Q969E2	ENSG00000227500	113178	NP_524558
239705	Q96EY9	ENSG00000213638	113179	NP_612431
86011	Q8TD86	ENSG00000169885	163688	NP_619650
86019	Q8NDY8	ENSG00000178821	339456	NP_848640
15906	Q86UN2	ENSG00000185924	146760	NP_848663
9424	Q9NZV6	ENSG00000198736	51734	NP_057416
15174	P78368	ENSG00000133275	1455	NP_001310
9445	Q92901	ENSG00000140986	6123	NP_005052
12054	Q8IZD4	ENSG00000151065	196513	NP_689853
235686	Q16540	ENSG00000214026	6150	NP_066957
9472	O96000	ENSG00000140990	4716	NP_004539
9538	Q2KHN1	ENSG00000179580	146310	NP_777563
9565	Q12788	ENSG00000183751	10607	NP_006444
5553	O94819	ENSG00000176595	9920	NP_055682
9655	P55789	ENSG00000127554	2671	NP_005253
15254	Q9BX70	ENSG00000133243	55643	NP_060267
9706	O43761	ENSG00000127561	9143	NP_004200
9724	Q86UK7	ENSG00000167962	90850	NP_835461
9751	Q8N729	ENSG00000183971	283869	NP_001092926
86091	O14764	ENSG00000187730	2563	NP_000806
15935	Q9BZG8	ENSG00000108963	1801	NP_001374
9789	P78549	ENSG00000065057	4913	NP_002519
726449	Q8WZ82	ENSG00000262664	124641	NP_543012
5562	P54296	ENSG00000036448	9172	NP_003961
7315	Q8N9F0	ENSG00000185818	339983	NP_848652
15385	Q96BX8	ENSG00000172081	126308	NP_570719
7355	Q7Z5Q5	ENSG00000130997	353497	NP_861524
40966	Q8TDR2	ENSG00000125834	140901	NP_543026
21412	F8WCM5	ENSG00000129965	723961	NP_001035835
10038	Q9ULW5	ENSG00000167964	25837	NP_055168
10062	Q6Q0C0	ENSG00000131653	84231	NP_115647
15707	Q8TEK3	ENSG00000104885	84444	NP_115871
10125	Q8WXD9	ENSG00000167971	57524	NP_065815
10199	Q6PL45	ENSG00000182685	283870	NP_872369
10219	A6NDG6	ENSG00000184207	283871	NP_001035830
40611	Q8N5I4	ENSG00000169084	207063	NP_660160
233647	Q68CZ6	ENSG00000214367	79441	NP_078787
86169	P12755	ENSG00000157933	6497	NP_003027
6769	Q9UI43	ENSG00000122687	29960	NP_037525
10244	Q92874	ENSG00000167968	1775	NP_001365
15767	Q15428	ENSG00000104897	8175	NP_009096
15866	Q96MG2	ENSG00000167476	126306	NP_653217
22142	Q99929	ENSG00000183734	430	NP_005161
15889	Q6ZS72	ENSG00000188305	374872	NP_940934
10371	Q99758	ENSG00000167972	21	NP_001080
281507	P0C6S8	ENSG00000220008	645191	NP_001094861
22242	Q9P2W6	ENSG00000110665	29125	NP_001136418
41095	Q08188	ENSG00000125780	7053	NP_003236
22280	Q96QS1	ENSG00000064201	10077	NP_620591
16116	Q9GZT4	ENSG00000167720	63826	NP_068766
15927	Q9UK45	ENSG00000130332	51690	NP_057283
16237	Q2NL82	ENSG00000167721	55720	NP_060598
16026	Q7Z410	ENSG00000178297	360200	NP_892018
86207	O15258	ENSG00000157916	11079	NP_008964
22743	Q9NZQ8	ENSG00000070985	29850	NP_055370
16081	Q9Y5L4	ENSG00000099800	26517	NP_036590
86294	O75038	ENSG00000149527	9651	NP_055453
16103	Q03252	ENSG00000176619	84823	NP_116126
10480	P41002	ENSG00000162063	899	NP_001752
10502	Q7L2K0	ENSG00000162062	80178	NP_079384
10513	O00634	ENSG00000162068	4917	NP_006172
16168	O75293	ENSG00000099860	4616	NP_056490
86369	Q9NVE7	ENSG00000157881	55229	NP_060686
16224	O60262	ENSG00000176533	2788	NP_443079
86393	Q5TA89	ENSG00000197921	388585	NP_001010926
10645	Q6PRD7	ENSG00000205923	752014	NP_001041677
41972	Q8TDI7	ENSG00000149488	117532	NP_542789
379	Q8N3J2	ENSG00000101574	64863	NP_073751
7009	Q6PJG6	ENSG00000106009	221927	NP_689956
391	O14777	ENSG00000080986	10403	NP_006092
86465	Q495T6	ENSG00000142606	79258	NP_258428
16417	P43034	ENSG00000007168	5048	NP_000421
56396	Q96MT4	ENSG00000164385	154386	NP_689767
7076	Q9C0H2	ENSG00000136295	80727	NP_079526
226628	A8MYJ7	ENSG00000215912	100287898	NP_001229601
402	A6NHR9	ENSG00000101596	23347	NP_056110
56410	Q86YV6	ENSG00000145949	340156	NP_001012418
10816	Q9NXV2	ENSG00000167977	54442	NP_061865
16477	O75153	ENSG00000132361	23277	NP_056044
43502	Q9BQW3	ENSG00000088881	57593	NP_001103984
10847	Q9BQR3	ENSG00000172382	83886	NP_114154
16265	O95057	ENSG00000176490	148252	NP_660156
45135	Q8TDN2	ENSG00000168263	169522	NP_598004
45213	Q15397	ENSG00000080608	9933	NP_055693
10878	Q9UQ35	ENSG00000167978	23524	NP_057417
16307	O43765	ENSG00000104969	6449	NP_003012
10981	Q8NF86	ENSG00000103355	260429	NP_690851
16324	P52888	ENSG00000172009	7064	NP_003240
1	Q05066	ENSG00000184895	6736	NP_003131
12313	Q02790	ENSG00000004478	2288	NP_002005
43886	Q8WW34	ENSG00000198326	100288797	NP_001161142
12420	Q9BQI9	ENSG00000053702	83714	NP_113662
11077	Q96DA0	ENSG00000162078	124220	NP_660295
56586	P30740	ENSG00000021355	1992	NP_109591
6	P22090	ENSG00000129824	6192	NP_000999
410	Q9BXX0	ENSG00000132205	84034	NP_114437
11108	Q9GZN4	ENSG00000005001	64063	NP_071402
56650	P50453	ENSG00000170542	5272	NP_004146
547167	Q8N1D0	ENSG00000254827	5003	NP_009036
16561	Q68EA5	ENSG00000171970	126295	NP_775751
41101	P51689	ENSG00000006756	414	NP_001660
7145	Q9BXL7	ENSG00000198286	84433	NP_115791
429	Q92539	ENSG00000101577	9663	NP_055461
23772	Q53GA4	ENSG00000181649	7262	NP_003302
16497	Q15935	ENSG00000175691	58492	NP_067040
23836	Q99733	ENSG00000205531	4676	NP_005960
41311	Q5FYA8	ENSG00000205667	347527	NP_001011719
236475	O95484	ENSG00000213937	9080	NP_066192
11315	P56747	ENSG00000184697	9074	NP_067018
11328	Q9NP84	ENSG00000006327	51330	NP_057723
86521	Q8TDY3	ENSG00000169717	140625	NP_536356
11421	A1A5D9	ENSG00000162069	146439	NP_001096645
45275	Q9BYN8	ENSG00000125901	64949	NP_110438
11465	Q9NPA2	ENSG00000008516	64386	NP_071913
726399	P58170	ENSG00000262628	8386	NP_055381
57326	Q13546	ENSG00000137275	8737	NP_003795
45397	P01178	ENSG00000101405	5020	NP_000906
7852	P42858	ENSG00000197386	3064	NP_002102
45432	P01185	ENSG00000101200	551	NP_000481
16630	P34982	ENSG00000184166	4991	NP_002539
16830	P29992	ENSG00000088256	2767	NP_002058
57412	Q86WA6	ENSG00000137274	670	NP_004323
16664	P47890	ENSG00000183024	8390	NP_003546
13784	Q96Q11	ENSG00000072756	51095	NP_886552
16917	P30679	ENSG00000060558	2769	NP_002059
229570	Q7L8L6	ENSG00000215251	60493	NP_068598
57522	Q13885	ENSG00000137267	7280	NP_001060
45823	O60299	ENSG00000088899	9762	NP_001269462
16962	O95977	ENSG00000125910	8698	NP_003766
16994	Q969V3	ENSG00000125912	56926	NP_064555
26082	Q53HC9	ENSG00000032389	7260	NP_003301
45909	Q96HY6	ENSG00000198171	65992	NP_076424
16719	Q9Y585	ENSG00000172150	26189	NP_036484
11667	O43749	ENSG00000168124	4992	NP_036492
16779	Q9P1Q5	ENSG00000172146	8383	NP_055380
24100	Q86SM5	ENSG00000182170	386746	NP_001157849
57587	Q9BVA1	ENSG00000137285	347733	NP_821080
24145	Q86SM8	ENSG00000184350	116534	NP_001034254
7973	Q6ZTZ1	ENSG00000188981	345222	NP_001036155
46683	Q5TEA3	ENSG00000088854	25943	NP_001009984
281495	P47893	ENSG00000221882	4995	NP_002542
16833	P47881	ENSG00000180090	4994	NP_002541
11830	Q6NT04	ENSG00000140993	91151	NP_149985
11836	Q96N20	ENSG00000162086	7627	NP_694573
41414	Q9NR99	ENSG00000101825	25878	NP_056234
11879	O95371	ENSG00000168158	4993	NP_036500
304961	P0CJ71	ENSG00000232196	100463285	NP_001177405
26200	Q8WVT3	ENSG00000171853	51112	NP_057114
16897	P30953	ENSG00000180016	8387	NP_003544
16950	P47888	ENSG00000159961	8392	NP_036505
12028	Q96LX8	ENSG00000167981	146434	NP_689670
16985	P47887	ENSG00000127780	8388	NP_003545
86592	Q5VV41	ENSG00000130762	27237	NP_055263
17204	O75264	ENSG00000095932	284422	NP_001129975
86624	O75095	ENSG00000162591	1953	NP_001400
230179	A8MZG2	ENSG00000215131	646174	NP_001073993
26383	Q9BV57	ENSG00000182551	55256	NP_060739
8233	P30533	ENSG00000163956	4043	NP_002328
12133	Q7RTR2	ENSG00000167984	197358	NP_849172
17372	A6NCJ1	ENSG00000183397	100128569	NP_001129052
17410	Q9P0W2	ENSG00000064961	10362	NP_006330
16	Q8IUE0	ENSG00000176679	90655	NP_631960
12161	Q8IY92	ENSG00000188827	84464	NP_115820
17492	Q8TF64	ENSG00000179855	126326	NP_573568
11426	P78414	ENSG00000170549	79192	NP_077313
41523	P51817	ENSG00000183943	5613	NP_005035
17308	Q9UHJ6	ENSG00000197417	23729	NP_037408
236686	P24855	ENSG00000213918	1773	NP_005214
86674	Q5T0D9	ENSG00000158109	127262	NP_877429
86696	Q9P2S5	ENSG00000116213	49856	NP_060288
24341	P52961	ENSG00000129744	417	NP_004305
26726	Q8N6M5	ENSG00000151360	55821	NP_060906
24367	Q9GZZ6	ENSG00000129749	57053	NP_065135
47695	Q9BZZ2	ENSG00000088827	6614	NP_075556
231388	A8MYV0	ENSG00000214866	728597	NP_001274373
17793	P38570	ENSG00000083457	3682	NP_002199
57788	Q5TGL8	ENSG00000168994	221749	NP_899229
17889	Q8TF76	ENSG00000177602	83903	NP_114171
17723	O96018	ENSG00000011132	9546	NP_004877
86861	Q2M243	ENSG00000162592	148870	NP_689705
17787	Q6P161	ENSG00000183617	116541	NP_758455
114355	P18825	ENSG00000184160	152	NP_000674
17256	Q96IS3	ENSG00000173976	84839	NP_116142
48129	Q9Y4P9	ENSG00000101222	25876	NP_056232
86879	Q8N1G4	ENSG00000130764	57470	NP_065761
48269	P07199	ENSG00000125817	1059	NP_001801
13979	Q6UXK5	ENSG00000175928	57633	NP_065924
17926	Q53F19	ENSG00000074356	55421	NP_001107590
86887	O60308	ENSG00000116198	9731	NP_055519
24680	P84095	ENSG00000177105	391	NP_001656
57849	Q9Y247	ENSG00000145945	26240	NP_036267
18006	Q86WG3	ENSG00000167654	85300	NP_149053
86996	Q8IYL3	ENSG00000198912	339448	NP_997239
18186	P51575	ENSG00000108405	5023	NP_002549
12514	O60503	ENSG00000162104	115	NP_001107
18151	P13639	ENSG00000167658	1938	NP_001952
18506	O43149	ENSG00000074755	23140	NP_055928
18183	Q8N2W9	ENSG00000105229	51588	NP_056981
57906	Q13523	ENSG00000112739	8899	NP_003904
18259	O95365	ENSG00000178951	51341	NP_056982
58161	Q8IXS0	ENSG00000145975	222826	NP_775834
58208	Q7Z4U5	ENSG00000185689	404220	NP_001078870
24798	P23921	ENSG00000167325	6240	NP_001024
18525	Q8TF21	ENSG00000089847	170961	NP_597732
8343	Q7RTM1	ENSG00000163982	133060	NP_819056
12558	Q86TD4	ENSG00000185739	6345	NP_001092284
49790	P25100	ENSG00000171873	146	NP_000669
18580	Q14213	ENSG00000105246	10148	NP_005746
18599	Q9BW85	ENSG00000105248	55702	NP_060544
12589	Q01664	ENSG00000090447	7023	NP_003214
18727	P62253	ENSG00000132388	7326	NP_003333
12912	P30279	ENSG00000118971	894	NP_001750
18627	Q96IW2	ENSG00000105251	56961	NP_064594
8433	Q6ZSB9	ENSG00000168826	166793	NP_660334
12609	Q9BZE0	ENSG00000126603	84662	NP_115964
12954	Q9NQ88	ENSG00000078237	57103	NP_065108
281532	Q9Y3D7	ENSG00000217930	51025	NP_057153
281517	Q8NGK2	ENSG00000221996	143496	NP_001005161
12968	Q9GZV9	ENSG00000118972	8074	NP_065689
12711	Q6EMK4	ENSG00000168140	114990	NP_612449
24923	P19474	ENSG00000132109	6737	NP_003132
18900	Q13111	ENSG00000167670	10036	NP_005474
8524	Q9P2W9	ENSG00000168818	53407	NP_058626
12990	P10767	ENSG00000111241	2251	NP_066276
18773	Q6ZMD2	ENSG00000182557	201305	NP_872344
24983	Q8NGK3	ENSG00000181963	119774	NP_001005172
12821	Q9HBL8	ENSG00000153406	57407	NP_065728
13009	Q9NQ89	ENSG00000047621	57102	NP_065107
25044	Q8NGK4	ENSG00000196778	390036	NP_001005171
45967	P43005	ENSG00000106688	6505	NP_004161
18815	Q8IVW8	ENSG00000183018	124976	NP_001118230
19039	Q96Q06	ENSG00000167676	729359	NP_001073869
233258	Q00G26	ENSG00000214456	440503	NP_001013728
19050	P02750	ENSG00000171236	116844	NP_443204
19110	Q9H3T3	ENSG00000167680	10501	NP_115484
25050	Q8NGK5	ENSG00000197790	119772	NP_001004137
46250	Q8N4H0	ENSG00000106686	55064	NP_001034484
12932	A6NNT2	ENSG00000205832	342346	NP_001138483
25056	Q8WZ69	ENSG00000171987	143501	NP_653264
298688	Q8NH67	ENSG00000226288	143502	NP_001005170
298691	Q8NGK6	ENSG00000232268	390037	NP_001005169
25117	Q6AZZ1	ENSG00000167333	55128	NP_060543
12943	Q8TB05	ENSG00000153443	124402	NP_660296
19074	P16050	ENSG00000161905	246	NP_001131
25148	Q8NGF3	ENSG00000197428	390038	NP_001004751
19251	Q969H8	ENSG00000074842	56005	NP_061980
25177	Q8TCB6	ENSG00000180785	143503	NP_689643
13148	Q16795	ENSG00000139180	4704	NP_004993
46470	Q8IY26	ENSG00000205808	403313	NP_982278
19280	Q86TI2	ENSG00000142002	91039	NP_631898
46503	Q7L3B6	ENSG00000106993	55664	NP_060383
25196	Q9H255	ENSG00000167332	81285	NP_110401
7276	P85037	ENSG00000164916	221937	NP_001032242
25250	Q9NRE1	ENSG00000167346	56547	NP_068573
50108	Q9UKY0	ENSG00000171864	23627	NP_036541
19394	Q9P086	ENSG00000161920	400569	NP_001001683
13042	Q8IYS4	ENSG00000166246	146562	NP_631909
13081	O60304	ENSG00000103199	26048	NP_067678
25333	A6NGY5	ENSG00000188069	256892	NP_001004752
19571	O14894	ENSG00000142484	9032	NP_003954
19684	A6NH11	ENSG00000182327	388323	NP_001014985
19464	Q9BSK4	ENSG00000141965	55527	NP_061178
13120	Q9GZN7	ENSG00000067836	79641	NP_078865
7332	Q96JH8	ENSG00000157927	55698	NP_060529
13137	Q49A26	ENSG00000140632	84656	NP_115958
25364	Q8NGF1	ENSG00000176937	119695	NP_001005177
19505	Q8IUC6	ENSG00000127666	148022	NP_891549
25380	Q8NH61	ENSG00000176925	119694	NP_001004753
25420	Q8NGJ8	ENSG00000176922	119692	NP_001004758
281496	Q9NRJ5	ENSG00000218823	56903	NP_064529
8568	P28360	ENSG00000163132	4487	NP_002439
25461	Q8NGJ9	ENSG00000176900	401665	NP_001004759
13291	O60437	ENSG00000118898	5493	NP_002696
19601	A6NEK1	ENSG00000205784	645432	NP_001073992
20041	Q04844	ENSG00000108556	1145	NP_000071
20114	Q6ZR85	ENSG00000205710	100130311	NP_001139008
25506	Q8NH64	ENSG00000176895	119687	NP_001004749
13300	Q09470	ENSG00000111262	3736	NP_000208
25550	Q8NGK0	ENSG00000176893	81282	NP_001005238
25560	Q8NGK1	ENSG00000176879	79324	NP_001005237
20143	P07359	ENSG00000185245	2811	NP_000164
20253	Q9H6Y7	ENSG00000108523	26001	NP_056343
20332	P07737	ENSG00000108518	5216	NP_005013
25588	Q8NGJ6	ENSG00000205497	401666	NP_001005329
25602	Q8NGJ7	ENSG00000205496	401667	NP_001004748
13340	O43304	ENSG00000103184	9717	NP_055507
20524	O75391	ENSG00000091640	9552	NP_004881
47077	Q04828	ENSG00000187134	1645	NP_001344
19711	O94953	ENSG00000127663	23030	NP_055830
14409	O14503	ENSG00000134107	8553	NP_003661
47039	O60674	ENSG00000096968	3717	NP_004963
20772	O43896	ENSG00000129250	10749	NP_006603
25623	Q8NGJ5	ENSG00000176798	119682	NP_001004755
8608	Q9NRR1	ENSG00000170891	54360	NP_061129
13395	Q9UK23	ENSG00000103174	51172	NP_057340
13330	P22460	ENSG00000130037	3741	NP_002225
25666	Q8NH60	ENSG00000205495	119679	NP_001001916
8667	Q9NY57	ENSG00000152953	55351	NP_060871
25675	Q8NGJ4	ENSG00000176787	119678	NP_001005164
20948	Q96NJ6	ENSG00000180787	124961	NP_694563
275804	B7ZBB8	ENSG00000219607	648791	NP_001138587
20983	Q9UNY5	ENSG00000167840	7775	NP_055334
21050	P35125	ENSG00000129204	9098	NP_004496
14446	Q9NVJ2	ENSG00000134108	55207	NP_060654
51278	O95674	ENSG00000101290	8760	NP_003809
25710	Q9H2C5	ENSG00000171944	390054	NP_001005160
47235	Q9Y581	ENSG00000120210	11172	NP_009110
11455	Q8TE57	ENSG00000145536	170690	NP_620687
298097	P0CW23	ENSG00000231824	642597	NP_001138666
25722	Q9UKL2	ENSG00000182070	23538	NP_036507
21219	Q96JF6	ENSG00000180626	84622	NP_115919
14540	Q92611	ENSG00000134109	9695	NP_055489
48453	P17516	ENSG00000198610	1109	NP_001809
25782	Q9H2C8	ENSG00000176742	283111	NP_001004760
407852	P68871	ENSG00000244734	3043	NP_000509
47285	Q14641	ENSG00000120211	3641	NP_002186
298872	P02042	ENSG00000223609	3045	NP_000510
236512	P69891	ENSG00000213934	3047	NP_000550
26431	P69892	ENSG00000196565	3048	NP_000175
58934	O95363	ENSG00000145982	10667	NP_006558
236544	P02100	ENSG00000213931	3046	NP_005321
26849	Q9Y5P0	ENSG00000183251	79339	NP_149419
51508	Q8NFJ6	ENSG00000101292	128674	NP_658986
7484	O15417	ENSG00000182095	84629	NP_001073964
47393	P04808	ENSG00000107018	6013	NP_008842
408059	Q9H339	ENSG00000242180	282763	NP_001005567
26900	Q9H340	ENSG00000176239	390058	NP_001004750
47432	Q9HBL7	ENSG00000107020	55848	NP_060935
21334	Q99567	ENSG00000108559	4927	NP_002523
48764	Q969E3	ENSG00000178473	114131	NP_444277
26979	Q9H341	ENSG00000184698	390059	NP_001004756
11533	Q9Y2F5	ENSG00000164151	23379	NP_056140
27026	Q8NH59	ENSG00000167360	390061	NP_001004757
7542	Q96ME1	ENSG00000155034	80028	NP_079239
21497	Q07021	ENSG00000108561	708	NP_001203
27041	Q9H343	ENSG00000167359	390063	NP_001005288
27091	Q9H344	ENSG00000187918	390064	NP_001004754
20154	Q8WWF5	ENSG00000105428	148066	NP_859061
21628	Q9GZP9	ENSG00000072849	51009	NP_057125
27117	Q9H346	ENSG00000181609	390066	NP_001005163
49118	Q9NZT1	ENSG00000178372	51806	NP_059118
27145	Q9H347	ENSG00000175520	50613	NP_059509
47595	Q9BQ51	ENSG00000197646	80380	NP_079515
27233	Q8IYU4	ENSG00000175518	143630	NP_659490
49192	P27482	ENSG00000178363	810	NP_005176
8681	Q99440	ENSG00000082929	10141	NP_005741
7590	P60709	ENSG00000075624	60	NP_001092
51597	Q9NPB8	ENSG00000125772	56261	NP_062539
27298	Q8NGJ2	ENSG00000181616	390067	NP_001005289
27316	Q8NGF0	ENSG00000187747	340980	NP_001005162
20233	Q14151	ENSG00000130254	9667	NP_055464
7693	Q16658	ENSG00000075618	6624	NP_003079
49274	Q8WXK3	ENSG00000196372	79754	NP_078977
20296	Q5XKP0	ENSG00000174917	125988	NP_991330
49377	Q5VWN6	ENSG00000108021	54906	NP_060252
26779	P35716	ENSG00000176887	6664	NP_003099
8762	P57679	ENSG00000072840	2121	NP_714928
20604	Q86XM0	ENSG00000174898	257062	NP_689997
28076	Q8NGI3	ENSG00000181023	387748	NP_001005180
51728	Q8IYI0	ENSG00000171984	149840	NP_689717
28128	Q8NGI2	ENSG00000181074	390072	NP_001005175
47838	Q7Z2K6	ENSG00000099219	79956	NP_079172
28142	Q8NH56	ENSG00000181009	390075	NP_001001922
20664	Q8IZ63	ENSG00000212123	163154	NP_001127788
28165	Q8NH53	ENSG00000181001	79473	NP_001001913
28188	Q8NGI0	ENSG00000180988	390077	NP_001005174
20764	Q99748	ENSG00000171119	4902	NP_004549
28206	Q96RD3	ENSG00000205409	390078	NP_001005167
28225	Q6IFG1	ENSG00000183269	390079	NP_001005168
20922	Q11128	ENSG00000130383	2527	NP_002025
7812	P0CE72	ENSG00000122543	654231	NP_001091091
48225	Q5HYC2	ENSG00000183354	158358	NP_001017969
548	A6NKL6	ENSG00000206432	645369	NP_001073678
28266	Q8NGH9	ENSG00000180974	390081	NP_001005165
48021	Q16655	ENSG00000120215	2315	NP_005502
20964	Q2NL98	ENSG00000187650	400673	NP_001017921
51827	P05060	ENSG00000089199	1114	NP_001810
7877	P0C881	ENSG00000155026	222967	NP_775836
28328	Q8NH54	ENSG00000184478	390083	NP_001003443
13506	P04275	ENSG00000110799	7450	NP_000543
551	Q8NA19	ENSG00000154655	91133	NP_775735
28334	P0C7T3	ENSG00000188691	390084	NP_001139505
7921	P54278	ENSG00000122512	5395	NP_000526
28340	Q8NGH7	ENSG00000183313	338751	NP_001005173
28369	Q8NGH8	ENSG00000183389	120793	NP_001005179
8010	Q13155	ENSG00000106305	7965	NP_006294
50566	P01589	ENSG00000134460	3559	NP_000408
28390	Q8NGH5	ENSG00000180934	120796	NP_001001917
8033	A6NGH8	ENSG00000157999	100310846	NP_001258629
52222	Q8WUT4	ENSG00000125872	164312	NP_689824
52257	Q9BQL6	ENSG00000101311	55612	NP_060141
87288	Q8TDI0	ENSG00000116254	26038	NP_056372
8042	Q9H9J4	ENSG00000106346	84132	NP_115548
28425	Q8NH76	ENSG00000180919	196335	NP_001005181
59186	P00488	ENSG00000124491	2162	NP_000120
8069	O43739	ENSG00000008256	9265	NP_004218
547417	Q96RD2	ENSG00000255307	255725	NP_001004052
87443	P35268	ENSG00000116251	6146	NP_000974
28461	Q6IF63	ENSG00000175485	120787	NP_001005178
13612	P21926	ENSG00000010278	928	NP_001760
87460	Q6ZRF8	ENSG00000158286	388591	NP_997279
28490	Q8N5U0	ENSG00000180878	160298	NP_775796
21191	Q03111	ENSG00000130382	4298	NP_005925
87498	O60725	ENSG00000116237	23463	NP_036537
28539	Q8IV77	ENSG00000132259	1262	NP_001032406
87565	Q5TGS1	ENSG00000173673	390992	NP_001019769
33	A6NKD2	ENSG00000168757	64591	NP_072095
87573	Q6NV75	ENSG00000158292	387509	NP_997253
28586	P32239	ENSG00000110148	887	NP_795344
21273	Q8TDN7	ENSG00000167769	125981	NP_597999
28654	Q969G5	ENSG00000170955	112464	NP_659477
13807	P19438	ENSG00000067182	7132	NP_001056
8096	Q7Z4H9	ENSG00000178397	84792	NP_001032240
21297	Q16740	ENSG00000125656	8192	NP_006003
11556	Q9BTT4	ENSG00000133398	84246	NP_115662
21342	Q9BT30	ENSG00000125652	84266	NP_115682
21373	O60542	ENSG00000125650	5623	NP_004149
21234	P35269	ENSG00000125651	2962	NP_002087
87661	Q9Y543	ENSG00000069812	54626	NP_061962
48535	Q96PU4	ENSG00000147854	115426	NP_690856
21386	Q92945	ENSG00000088247	8570	NP_003676
87686	B1AK53	ENSG00000187017	83715	NP_113663
21435	Q8N5S1	ENSG00000181240	284427	NP_775908
28944	P02790	ENSG00000110169	3263	NP_000604
21450	Q9BV35	ENSG00000125648	79085	NP_077008
14014	P26842	ENSG00000139193	939	NP_001233
229721	A1L167	ENSG00000215218	134111	NP_001138633
14065	Q9BX59	ENSG00000139192	55080	NP_060479
29223	Q9Y5J6	ENSG00000132286	26515	NP_036324
14141	Q4U2R6	ENSG00000111639	51258	NP_057581
14174	Q15021	ENSG00000010292	9918	NP_055680
230519	A4D2P6	ENSG00000215045	392862	NP_001138590
87913	Q5SY16	ENSG00000162408	79707	NP_078930
21688	P41273	ENSG00000125657	8744	NP_003802
48712	P23378	ENSG00000178445	2731	NP_000161
41889	Q9NNX9	ENSG00000169059	51481	NP_057463
22337	Q2KHM9	ENSG00000198920	9851	NP_055619
21699	P32970	ENSG00000125726	970	NP_001243
59283	O95711	ENSG00000112799	9450	NP_004262
8265	Q96N11	ENSG00000146576	79034	NP_076972
88014	Q9UJP4	ENSG00000162413	9903	NP_055666
29349	O43159	ENSG00000132275	23378	NP_056139
29432	Q12962	ENSG00000166337	6881	NP_006275
29461	O14773	ENSG00000166340	1200	NP_000382
88062	Q86YI8	ENSG00000116273	148479	NP_722519
299051	P0CG23	ENSG00000236609	54753	NP_060030
29545	Q96JQ0	ENSG00000166341	8642	NP_003728
11624	P18405	ENSG00000145545	6715	NP_001038
88105	Q9NVH1	ENSG00000007923	55735	NP_060668
8305	A6NFI3	ENSG00000205903	100131017	NP_001265488
14696	Q8NEB7	ENSG00000111644	84519	NP_115878
22371	Q9BRA2	ENSG00000129235	84817	NP_116120
22470	Q9Y3C7	ENSG00000108590	51003	NP_057144
21798	P01024	ENSG00000125730	718	NP_000055
29615	Q9NRX2	ENSG00000158042	63875	NP_071344
9072	P25815	ENSG00000163993	6286	NP_005971
9097	Q96HT8	ENSG00000178988	114932	NP_982287
5961	Q9NUQ2	ENSG00000155189	55326	NP_060831
9118	Q9NUP1	ENSG00000186222	55330	NP_060836
594	Q9P2N2	ENSG00000088756	79822	NP_001010000
14932	Q15773	ENSG00000089693	8079	NP_005430
22026	Q9BRG2	ENSG00000125731	10045	NP_005481
14955	P20962	ENSG00000159335	5763	NP_002815
52330	P12643	ENSG00000125845	650	NP_001191
29660	A6NM03	ENSG00000188124	338755	NP_001004490
14994	P18627	ENSG00000089692	3902	NP_002277
22678	Q8N4B4	ENSG00000177294	162517	NP_694962
22712	Q969V4	ENSG00000167858	83659	NP_444515
29707	O95222	ENSG00000184933	8590	NP_003687
15090	Q8IVL6	ENSG00000110811	10536	NP_055077
29738	Q9H207	ENSG00000166363	144124	NP_835462
26912	Q8WXG1	ENSG00000134321	91543	NP_542388
58	Q99218	ENSG00000099721	266	NP_001134
29787	Q9H208	ENSG00000170790	341276	NP_001004460
5986	P60022	ENSG00000164825	1672	NP_005209
29798	Q9H209	ENSG00000170782	283297	NP_997069
29841	Q9H210	ENSG00000166368	120776	NP_003691
15559	P09104	ENSG00000111674	2026	NP_001966
26990	P50876	ENSG00000151692	9781	NP_055561
29871	Q8NGH3	ENSG00000178358	120775	NP_001004684
6012	Q01524	ENSG00000164822	1671	NP_001917
29893	Q9UL58	ENSG00000149054	7762	NP_037382
6052	P12838	ENSG00000164821	1669	NP_001916
617	P25391	ENSG00000101680	284217	NP_005550
15713	Q99622	ENSG00000111678	113246	NP_612434
15773	Q92979	ENSG00000126749	10436	NP_006322
15806	Q6P1A2	ENSG00000111684	10162	NP_005759
22829	P18054	ENSG00000108839	239	NP_000688
29936	Q9UL59	ENSG00000149050	7761	NP_037381
281519	Q6P5S7	ENSG00000219200	440400	NP_001004333
29985	Q86W24	ENSG00000158077	338323	NP_789792
23013	Q8N143	ENSG00000161940	255877	NP_862827
300809	A6NJ08	ENSG00000237247	284428	NP_001129979
23049	Q7RTY0	ENSG00000174327	201232	NP_963860
22438	A6NDZ8	ENSG00000205718	653656	NP_001157891
9200	Q2M329	ENSG00000173013	257236	NP_699207
23092	Q8NCK7	ENSG00000174326	162515	NP_699188
9216	Q86TJ2	ENSG00000173011	93624	NP_689506
6199	Q01523	ENSG00000164816	1670	NP_066290
22462	A6NE82	ENSG00000182315	653657	NP_001157897
9226	Q9HAV7	ENSG00000109519	80273	NP_079472
30024	O75526	ENSG00000170748	27288	NP_055284
16014	P82980	ENSG00000139194	83758	NP_113679
16056	Q9BQT9	ENSG00000139182	9746	NP_055533
8487	Q9NS00	ENSG00000106392	56913	NP_064541
9263	Q96PQ0	ENSG00000184985	57537	NP_065828
41982	P08842	ENSG00000101846	412	NP_000342
23761	O14641	ENSG00000004975	1856	NP_004413
667	A6NM36	ENSG00000206422	339291	NP_001099051
30058	Q86SS6	ENSG00000170743	143425	NP_783860
23900	O95166	ENSG00000170296	11337	NP_009209
24140	P14672	ENSG00000181856	6517	NP_001033
24279	Q9Y2T7	ENSG00000006047	51087	NP_057066
230692	P0C7M7	ENSG00000215009	341392	NP_001073923
24467	Q13227	ENSG00000132522	2874	NP_004480
296626	Q7RTZ2	ENSG00000230549	401447	NP_001243802
24566	Q15027	ENSG00000072818	9744	NP_055531
296627	A6NCW7	ENSG00000236125	645402	NP_001243803
237202	Q693B1	ENSG00000213859	147040	NP_001002914
24711	Q3KNT9	ENSG00000182896	339168	NP_937797
228926	A8MUZ8	ENSG00000215372	100131980	NP_001157929
230641	Q2UY09	ENSG00000215018	340267	NP_001032852
11792	Q08462	ENSG00000078295	108	NP_065433
24818	Q8N2U0	ENSG00000205544	254863	NP_689979
24850	Q8NFZ4	ENSG00000169992	57555	NP_065846
24931	Q8N4L4	ENSG00000181323	374768	NP_955371